difficulty,pass_at_1
easy,0.8236697685516583
hard,0.44596912521440824
medium,0.6222222222222222
