difficulty,pass_at_1
easy,0.8218722659667541
hard,0.34088050314465407
medium,0.5944444444444444
