difficulty,pass_at_1
easy,0.8110236220472441
hard,0.35023584905660377
medium,0.5918981481481481
