difficulty,pass_at_1
easy,0.8112110986126734
hard,0.36253369272237196
medium,0.5784391534391534
