difficulty,pass_at_1
easy,0.8124050283188285
hard,0.36742800397219466
medium,0.5969785575048733
